short_id,config_id,arch_str,depth,width_sum,activation,optimizer,loss_fn,lr,weight_decay,dropout,batch_size,input_noise,momentum,nesterov,alpha,mean_mee,std_mee,mean_train,gen_gap,mean_epochs,min_mee,max_mee,elapsed_sec
C0136,256x128x64_gelu_adam_lr0.01_wd0.001_do0_bs32_ns0_lossmse,256x128x64,3,448,gelu,adam,mse,0.01,0.001,0.0,32,0.0,,,,18.874587083787794,1.192604743656916,13.37253363934993,5.502053444437864,80.4,16.998717999987868,20.2591652105909,16.1943998336792
C0076,128x128x64_gelu_adam_lr0.01_wd0.001_do0_bs32_ns0_lossmse,128x128x64,3,320,gelu,adam,mse,0.01,0.001,0.0,32,0.0,,,,19.332858241449138,2.031092825374965,14.551840359234268,4.78101788221487,75.2,16.556582325915745,21.480775682435752,14.500755786895752
C0119,128x128x64_gelu_adamw_lr0.01_wd0.1_do0.1_bs32_ns0_lossmse,128x128x64,3,320,gelu,adamw,mse,0.01,0.1,0.1,32,0.0,,,,19.35484011384826,1.3437005931125463,14.036099568030028,5.318740545818233,82.4,17.171424076961912,20.44094224888011,17.337360620498657
C0121,256x128x64_gelu_adam_lr0.005_wd0.001_do0_bs32_ns0_lossmse,256x128x64,3,448,gelu,adam,mse,0.005,0.001,0.0,32,0.0,,,,19.381262649943167,1.1337056005776875,13.102519561225936,6.278743088717231,75.0,17.674343616738955,20.729150006454542,15.295957326889038
C0178,256x128x64_gelu_adamw_lr0.01_wd0.1_do0_bs32_ns0_lossmse,256x128x64,3,448,gelu,adamw,mse,0.01,0.1,0.0,32,0.0,,,,19.44122238520493,0.7932441327261315,14.08255050653392,5.358671878671011,60.4,18.5240218642842,20.44015855958954,13.308065414428711
C0118,128x128x64_gelu_adamw_lr0.01_wd0.1_do0_bs32_ns0_lossmse,128x128x64,3,320,gelu,adamw,mse,0.01,0.1,0.0,32,0.0,,,,19.463399090356035,1.6248692615285565,13.711084832902335,5.752314257453699,58.4,16.801821907210602,20.977788338114824,11.9980788230896
C0164,256x128x64_gelu_adamw_lr0.005_wd0.1_do0.1_bs32_ns0_lossmse,256x128x64,3,448,gelu,adamw,mse,0.005,0.1,0.1,32,0.0,,,,19.519554440860205,0.7414939726096504,11.848210836735552,7.671343604124653,90.2,18.514460821769536,20.0844268077855,19.941845655441284
C0122,256x128x64_gelu_adam_lr0.005_wd0.001_do0.1_bs32_ns0_lossmse,256x128x64,3,448,gelu,adam,mse,0.005,0.001,0.1,32,0.0,,,,19.67941873583465,0.6955635836521632,15.45851536474351,4.220903371091138,98.8,18.482292808616563,20.259322455103835,21.381200313568115
C0179,256x128x64_gelu_adamw_lr0.01_wd0.1_do0.1_bs32_ns0_lossmse,256x128x64,3,448,gelu,adamw,mse,0.01,0.1,0.1,32,0.0,,,,19.686441924682953,0.8253172560917814,14.779428780192168,4.907013144490785,74.0,18.690448581417222,20.516987076002522,17.558407068252563
C0137,256x128x64_gelu_adam_lr0.01_wd0.001_do0.1_bs32_ns0_lossmse,256x128x64,3,448,gelu,adam,mse,0.01,0.001,0.1,32,0.0,,,,19.778821268023183,1.0328334195141,16.628137895458174,3.150683372565009,89.8,18.123128791131663,20.63867500436852,19.626901865005493
C0176,256x128x64_gelu_adamw_lr0.01_wd0.05_do0.1_bs32_ns0_lossmse,256x128x64,3,448,gelu,adamw,mse,0.01,0.05,0.1,32,0.0,,,,19.79765023365446,0.713712157474268,13.82017522235672,5.977475011297738,74.0,18.923286414297436,20.76811016790149,17.12864398956299
C0061,128x128x64_gelu_adam_lr0.005_wd0.001_do0_bs32_ns0_lossmse,128x128x64,3,320,gelu,adam,mse,0.005,0.001,0.0,32,0.0,,,,19.82106688275272,1.0359650046622135,16.16229681275878,3.658770069993942,51.4,18.10889108360218,20.78686825958264,10.823485612869263
C0077,128x128x64_gelu_adam_lr0.01_wd0.001_do0.1_bs32_ns0_lossmse,128x128x64,3,320,gelu,adam,mse,0.01,0.001,0.1,32,0.0,,,,19.893306168226545,0.6805161816118901,16.701906351495197,3.191399816731348,84.8,18.988009111772868,20.730376376746943,17.530975818634033
C0116,128x128x64_gelu_adamw_lr0.01_wd0.05_do0.1_bs32_ns0_lossmse,128x128x64,3,320,gelu,adamw,mse,0.01,0.05,0.1,32,0.0,,,,19.934844838176865,1.4296824642517936,13.3788290466461,6.556015791530765,72.0,17.66031377657724,21.45863213155291,15.544597148895264
C0162,256x128x64_gelu_adamw_lr0.005_wd0.05_do0.2_bs32_ns0_lossmse,256x128x64,3,448,gelu,adamw,mse,0.005,0.05,0.2,32,0.0,,,,19.965093401037603,0.5285917700039757,15.55309899843552,4.411994402602083,76.2,19.4390332550475,20.754148779119863,17.50865912437439
C0163,256x128x64_gelu_adamw_lr0.005_wd0.1_do0_bs32_ns0_lossmse,256x128x64,3,448,gelu,adamw,mse,0.005,0.1,0.0,32,0.0,,,,19.971181384044545,0.6629197544413882,13.436778704446843,6.534402679597703,48.8,19.201303022700294,20.871296440548292,11.230546951293945
C0165,256x128x64_gelu_adamw_lr0.005_wd0.1_do0.2_bs32_ns0_lossmse,256x128x64,3,448,gelu,adamw,mse,0.005,0.1,0.2,32,0.0,,,,19.974241499122805,0.5455611056324502,16.070485133030708,3.9037563660920966,76.4,19.457289862005524,20.863343909604108,17.57558274269104
C0180,256x128x64_gelu_adamw_lr0.01_wd0.1_do0.2_bs32_ns0_lossmse,256x128x64,3,448,gelu,adamw,mse,0.01,0.1,0.2,32,0.0,,,,19.99283292498727,0.629634151537836,15.1478994633927,4.844933461594568,97.8,19.085630500100546,20.74393130009843,22.61618947982788
C0161,256x128x64_gelu_adamw_lr0.005_wd0.05_do0.1_bs32_ns0_lossmse,256x128x64,3,448,gelu,adamw,mse,0.005,0.05,0.1,32,0.0,,,,20.005942739258423,0.8304614986231788,13.925445498975439,6.080497240282984,62.0,18.935865791453605,20.85718339264495,14.977461814880371
C0175,256x128x64_gelu_adamw_lr0.01_wd0.05_do0_bs32_ns0_lossmse,256x128x64,3,448,gelu,adamw,mse,0.01,0.05,0.0,32,0.0,,,,20.036203451063827,0.8857499406516433,14.554360133924902,5.4818433171389245,44.4,19.245612961567694,21.138592376207406,10.659929752349854
C0101,128x128x64_gelu_adamw_lr0.005_wd0.05_do0.1_bs32_ns0_lossmse,128x128x64,3,320,gelu,adamw,mse,0.005,0.05,0.1,32,0.0,,,,20.0440948333155,1.007443117065312,15.05408074626789,4.990014087047612,60.6,18.378983369685397,20.782810310896146,13.811669826507568
C0062,128x128x64_gelu_adam_lr0.005_wd0.001_do0.1_bs32_ns0_lossmse,128x128x64,3,320,gelu,adam,mse,0.005,0.001,0.1,32,0.0,,,,20.072408360874228,0.8215094505927385,16.96408998763378,3.108318373240447,82.8,18.703203499861964,20.712695501363704,17.133240222930908
C0120,128x128x64_gelu_adamw_lr0.01_wd0.1_do0.2_bs32_ns0_lossmse,128x128x64,3,320,gelu,adamw,mse,0.01,0.1,0.2,32,0.0,,,,20.073059999630402,0.7309237621246579,17.16616928426991,2.9068907153604933,77.2,18.98732684795914,20.637041455142004,16.334603786468506
C0115,128x128x64_gelu_adamw_lr0.01_wd0.05_do0_bs32_ns0_lossmse,128x128x64,3,320,gelu,adamw,mse,0.01,0.05,0.0,32,0.0,,,,20.079157201603742,1.5366683960279013,16.036341025679825,4.042816175923917,34.2,17.598981341892532,21.427178504064386,8.337692260742188
C0117,128x128x64_gelu_adamw_lr0.01_wd0.05_do0.2_bs32_ns0_lossmse,128x128x64,3,320,gelu,adamw,mse,0.01,0.05,0.2,32,0.0,,,,20.092962916060365,1.002063768884835,14.988377920108025,5.10458499595234,85.6,18.48734473841223,20.983510982467713,17.794437646865845
C0167,256x128x64_gelu_adamw_lr0.01_wd0.001_do0.1_bs32_ns0_lossmse,256x128x64,3,448,gelu,adamw,mse,0.01,0.001,0.1,32,0.0,,,,20.113695809855802,0.35062815911608614,14.251091997928754,5.862603811927048,62.2,19.698244317406356,20.608213307298552,14.886111736297607
C0104,128x128x64_gelu_adamw_lr0.005_wd0.1_do0.1_bs32_ns0_lossmse,128x128x64,3,320,gelu,adamw,mse,0.005,0.1,0.1,32,0.0,,,,20.120400487894393,0.6105005453420612,16.055613554002484,4.064786933891909,56.0,19.26243202366369,20.727533612139617,12.847165584564209
C0173,256x128x64_gelu_adamw_lr0.01_wd0.01_do0.1_bs32_ns0_lossmse,256x128x64,3,448,gelu,adamw,mse,0.01,0.01,0.1,32,0.0,,,,20.176214527052423,0.6456282443048788,13.919705711390543,6.2565088156618796,63.6,19.445618703106426,21.18030046689365,15.15954065322876
C0159,256x128x64_gelu_adamw_lr0.005_wd0.01_do0.2_bs32_ns0_lossmse,256x128x64,3,448,gelu,adamw,mse,0.005,0.01,0.2,32,0.0,,,,20.177332003427864,0.4172897934133883,15.041713796767985,5.1356182066598794,74.6,19.782957049070223,20.773317423804606,17.254685878753662
C0170,256x128x64_gelu_adamw_lr0.01_wd0.005_do0.1_bs32_ns0_lossmse,256x128x64,3,448,gelu,adamw,mse,0.01,0.005,0.1,32,0.0,,,,20.191133577178896,0.4043479440943018,13.858327464916849,6.3328061122620465,62.2,19.66994039659985,20.783149392875657,14.83419942855835
C0156,256x128x64_gelu_adamw_lr0.005_wd0.005_do0.2_bs32_ns0_lossmse,256x128x64,3,448,gelu,adamw,mse,0.005,0.005,0.2,32,0.0,,,,20.195910309352453,0.3323148971437104,14.773933652283784,5.421976657068669,76.6,19.913846522937312,20.71732831626623,17.672338485717773
C0196,128x32x128_gelu_adam_lr0.01_wd0.001_do0_bs32_ns0_lossmse,128x32x128,3,288,gelu,adam,mse,0.01,0.001,0.0,32,0.0,,,,20.24769402623065,1.6013343719859052,16.685326472958792,3.5623675532718586,57.4,17.94115649991797,21.68860947371396,11.544715166091919
C0105,128x128x64_gelu_adamw_lr0.005_wd0.1_do0.2_bs32_ns0_lossmse,128x128x64,3,320,gelu,adamw,mse,0.005,0.1,0.2,32,0.0,,,,20.258017104940542,0.8992708464364906,16.93207255714071,3.325944547799832,86.8,19.054729464817132,21.035631398815347,18.121695518493652
C0153,256x128x64_gelu_adamw_lr0.005_wd0.001_do0.2_bs32_ns0_lossmse,256x128x64,3,448,gelu,adamw,mse,0.005,0.001,0.2,32,0.0,,,,20.27103121336316,0.2894548404533268,15.28382962581541,4.98720158754775,72.0,19.937386693204296,20.65714201991207,16.67138957977295
C0102,128x128x64_gelu_adamw_lr0.005_wd0.05_do0.2_bs32_ns0_lossmse,128x128x64,3,320,gelu,adamw,mse,0.005,0.05,0.2,32,0.0,,,,20.282688107170266,0.9749395147281985,16.014866903893992,4.267821203276274,86.0,18.95924949535713,21.290396702283992,17.953515768051147
C0238,128x32x128_gelu_adamw_lr0.01_wd0.1_do0_bs32_ns0_lossmse,128x32x128,3,288,gelu,adamw,mse,0.01,0.1,0.0,32,0.0,,,,20.29206108282907,1.5505353998627502,16.666935909555413,3.6251251732736556,47.6,17.66823474270284,21.60854123798269,10.77278184890747
C0235,128x32x128_gelu_adamw_lr0.01_wd0.05_do0_bs32_ns0_lossmse,128x32x128,3,288,gelu,adamw,mse,0.01,0.05,0.0,32,0.0,,,,20.301840644511806,0.9613197695328065,14.377790152981982,5.924050491529824,57.0,19.092341334644168,21.618369088705528,12.16206955909729
C0103,128x128x64_gelu_adamw_lr0.005_wd0.1_do0_bs32_ns0_lossmse,128x128x64,3,320,gelu,adamw,mse,0.005,0.1,0.0,32,0.0,,,,20.302496041358967,0.9481848850209915,14.706429981571464,5.596066059787503,43.0,18.864650336369344,21.039658613574197,9.64698839187622
C0138,256x128x64_gelu_adam_lr0.01_wd0.001_do0.2_bs32_ns0_lossmse,256x128x64,3,448,gelu,adam,mse,0.01,0.001,0.2,32,0.0,,,,20.30417743423589,0.5297453580249324,17.99665676341628,2.30752067081961,104.4,19.716167243340543,20.90123190563569,22.342508554458618
C0152,256x128x64_gelu_adamw_lr0.005_wd0.001_do0.1_bs32_ns0_lossmse,256x128x64,3,448,gelu,adamw,mse,0.005,0.001,0.1,32,0.0,,,,20.304280562772203,0.6895328742069887,14.86035658761279,5.443923975159413,52.4,19.477917234335973,21.026811419621303,13.104439496994019
C0110,128x128x64_gelu_adamw_lr0.01_wd0.005_do0.1_bs32_ns0_lossmse,128x128x64,3,320,gelu,adamw,mse,0.01,0.005,0.1,32,0.0,,,,20.318078711876332,1.0342829045363198,14.639831545523833,5.678247166352499,48.6,18.755626703449337,21.282664207566263,11.627463340759277
C0155,256x128x64_gelu_adamw_lr0.005_wd0.005_do0.1_bs32_ns0_lossmse,256x128x64,3,448,gelu,adamw,mse,0.005,0.005,0.1,32,0.0,,,,20.32774561032047,0.6756658313513938,14.882357925740859,5.445387684579611,52.4,19.433173464239623,21.03117868012375,13.232288599014282
C0111,128x128x64_gelu_adamw_lr0.01_wd0.005_do0.2_bs32_ns0_lossmse,128x128x64,3,320,gelu,adamw,mse,0.01,0.005,0.2,32,0.0,,,,20.328263320634797,0.8399080161760173,14.883666362248494,5.4445969583863025,66.4,19.156122777654247,21.331933839778536,14.590896844863892
C0197,128x32x128_gelu_adam_lr0.01_wd0.001_do0.1_bs32_ns0_lossmse,128x32x128,3,288,gelu,adam,mse,0.01,0.001,0.1,32,0.0,,,,20.33423081773371,0.6787867392224913,18.14315798977857,2.191072827955143,91.2,19.562022561238297,21.27317985641265,18.243229150772095
C0158,256x128x64_gelu_adamw_lr0.005_wd0.01_do0.1_bs32_ns0_lossmse,256x128x64,3,448,gelu,adamw,mse,0.005,0.01,0.1,32,0.0,,,,20.336403137529853,0.648389439053392,14.914997926873705,5.4214052106561486,52.4,19.50310037612997,21.05133725208463,13.137197732925415
C0177,256x128x64_gelu_adamw_lr0.01_wd0.05_do0.2_bs32_ns0_lossmse,256x128x64,3,448,gelu,adamw,mse,0.01,0.05,0.2,32,0.0,,,,20.34325055037909,0.5751879571862536,15.52815817511187,4.81509237526722,78.4,19.6202705130599,21.154900947008663,18.275888204574585
C0236,128x32x128_gelu_adamw_lr0.01_wd0.05_do0.1_bs32_ns0_lossmse,128x32x128,3,288,gelu,adamw,mse,0.01,0.05,0.1,32,0.0,,,,20.349030702292243,0.6476736161136388,15.606208521048066,4.742822181244177,81.2,19.458645841437832,20.9024534204462,17.442533016204834
C0098,128x128x64_gelu_adamw_lr0.005_wd0.01_do0.1_bs32_ns0_lossmse,128x128x64,3,320,gelu,adamw,mse,0.005,0.01,0.1,32,0.0,,,,20.36042899341148,0.7543030144264792,15.238709969420094,5.121719023991387,50.6,19.3224683801267,21.075129596219313,12.131007194519043
C0099,128x128x64_gelu_adamw_lr0.005_wd0.01_do0.2_bs32_ns0_lossmse,128x128x64,3,320,gelu,adamw,mse,0.005,0.01,0.2,32,0.0,,,,20.375704747847152,0.9266340768543077,15.412319550937536,4.963385196909616,80.4,19.064753671571168,21.26655992694555,16.96740460395813
C0224,128x32x128_gelu_adamw_lr0.005_wd0.1_do0.1_bs32_ns0_lossmse,128x32x128,3,288,gelu,adamw,mse,0.005,0.1,0.1,32,0.0,,,,20.377206542802167,0.552873067530837,16.339531544195474,4.037674998606693,100.0,19.757938905335777,20.95777745724925,21.221787929534912
C0095,128x128x64_gelu_adamw_lr0.005_wd0.005_do0.1_bs32_ns0_lossmse,128x128x64,3,320,gelu,adamw,mse,0.005,0.005,0.1,32,0.0,,,,20.37845154853273,0.7658097131341381,15.199387062690471,5.179064485842259,51.2,19.33003424005158,21.112848838731438,12.01726508140564
C0108,128x128x64_gelu_adamw_lr0.01_wd0.001_do0.2_bs32_ns0_lossmse,128x128x64,3,320,gelu,adamw,mse,0.01,0.001,0.2,32,0.0,,,,20.380188913997202,0.8827696761004111,15.16176448814816,5.218424425849042,65.8,19.22103460328625,21.457047664574322,14.458722829818726
C0157,256x128x64_gelu_adamw_lr0.005_wd0.01_do0_bs32_ns0_lossmse,256x128x64,3,448,gelu,adamw,mse,0.005,0.01,0.0,32,0.0,,,,20.383583573369947,1.2686210141346062,16.389116580477285,3.9944669928926615,31.4,18.951214674887062,21.628469006294026,8.428520679473877
C0160,256x128x64_gelu_adamw_lr0.005_wd0.05_do0_bs32_ns0_lossmse,256x128x64,3,448,gelu,adamw,mse,0.005,0.05,0.0,32,0.0,,,,20.384550250841215,1.2270061751524342,17.554660510021016,2.8298897408201995,27.0,18.666022084770937,21.466908379729304,7.735078811645508
C0123,256x128x64_gelu_adam_lr0.005_wd0.001_do0.2_bs32_ns0_lossmse,256x128x64,3,448,gelu,adam,mse,0.005,0.001,0.2,32,0.0,,,,20.39081882439836,0.4921665074615308,17.828457680469608,2.562361143928751,95.4,19.979447147271454,21.192726660099293,20.6788547039032
C0092,128x128x64_gelu_adamw_lr0.005_wd0.001_do0.1_bs32_ns0_lossmse,128x128x64,3,320,gelu,adamw,mse,0.005,0.001,0.1,32,0.0,,,,20.39152455403589,0.7687661885866781,15.128651592896114,5.2628729611397755,51.2,19.341471768602435,21.144833858950584,12.06360125541687
C0096,128x128x64_gelu_adamw_lr0.005_wd0.005_do0.2_bs32_ns0_lossmse,128x128x64,3,320,gelu,adamw,mse,0.005,0.005,0.2,32,0.0,,,,20.3937709870524,0.9227801276867951,15.870323521576529,4.52344746547587,74.4,19.07854865361827,21.244296515684237,16.386940717697144
C0093,128x128x64_gelu_adamw_lr0.005_wd0.001_do0.2_bs32_ns0_lossmse,128x128x64,3,320,gelu,adamw,mse,0.005,0.001,0.2,32,0.0,,,,20.398162531396856,0.9111283326613286,15.804576418330772,4.593586113066085,74.4,19.099512004981086,21.23675890795896,15.905205726623535
C0181,128x32x128_gelu_adam_lr0.005_wd0.001_do0_bs32_ns0_lossmse,128x32x128,3,288,gelu,adam,mse,0.005,0.001,0.0,32,0.0,,,,20.410218508700268,1.0077903227730638,17.029410021627776,3.3808084870724926,57.6,18.707777015239238,21.243825470162726,11.748251676559448
C0114,128x128x64_gelu_adamw_lr0.01_wd0.01_do0.2_bs32_ns0_lossmse,128x128x64,3,320,gelu,adamw,mse,0.01,0.01,0.2,32,0.0,,,,20.41522986058701,0.8083385816731287,16.11400412925814,4.30122573132887,56.6,19.324467388232566,21.319613266075585,13.0399169921875
C0112,128x128x64_gelu_adamw_lr0.01_wd0.01_do0_bs32_ns0_lossmse,128x128x64,3,320,gelu,adamw,mse,0.01,0.01,0.0,32,0.0,,,,20.42127923822466,1.307735273139756,14.916232281788956,5.505046956435704,37.0,18.444528243982273,21.66206645838316,8.721196413040161
C0097,128x128x64_gelu_adamw_lr0.005_wd0.01_do0_bs32_ns0_lossmse,128x128x64,3,320,gelu,adamw,mse,0.005,0.01,0.0,32,0.0,,,,20.427623054663723,1.0820386463973972,14.983033770973162,5.444589283690561,33.8,18.9172701094585,21.544707420152058,8.64779543876648
C0151,256x128x64_gelu_adamw_lr0.005_wd0.001_do0_bs32_ns0_lossmse,256x128x64,3,448,gelu,adamw,mse,0.005,0.001,0.0,32,0.0,,,,20.43885518753971,1.2119213119325587,16.497717866631024,3.941137320908684,30.6,18.94317328605174,21.45585881794588,8.186184644699097
C0100,128x128x64_gelu_adamw_lr0.005_wd0.05_do0_bs32_ns0_lossmse,128x128x64,3,320,gelu,adamw,mse,0.005,0.05,0.0,32,0.0,,,,20.44631668519363,0.9400496496599863,15.253296332105483,5.193020353088146,35.2,19.113093855707785,21.36517098698973,8.542023420333862
C0113,128x128x64_gelu_adamw_lr0.01_wd0.01_do0.1_bs32_ns0_lossmse,128x128x64,3,320,gelu,adamw,mse,0.01,0.01,0.1,32,0.0,,,,20.446805519508,0.8868833220035768,14.259639135819834,6.187166383688167,49.2,19.17515876955133,21.278783807883215,11.819267988204956
C0107,128x128x64_gelu_adamw_lr0.01_wd0.001_do0.1_bs32_ns0_lossmse,128x128x64,3,320,gelu,adamw,mse,0.01,0.001,0.1,32,0.0,,,,20.44685013452076,1.1126852180772495,15.487496270073631,4.959353864447127,41.4,18.816500232141884,21.32743965002285,10.392282247543335
C0154,256x128x64_gelu_adamw_lr0.005_wd0.005_do0_bs32_ns0_lossmse,256x128x64,3,448,gelu,adamw,mse,0.005,0.005,0.0,32,0.0,,,,20.449295221268443,1.2775054586310668,16.39071361478848,4.058581606479962,31.4,18.847476421403087,21.545301274842004,8.373233556747437
C0094,128x128x64_gelu_adamw_lr0.005_wd0.005_do0_bs32_ns0_lossmse,128x128x64,3,320,gelu,adamw,mse,0.005,0.005,0.0,32,0.0,,,,20.449457901459102,1.0908222286013878,14.925822253215594,5.523635648243507,33.8,18.941530386915836,21.560825107522483,8.247466802597046
C0182,128x32x128_gelu_adam_lr0.005_wd0.001_do0.1_bs32_ns0_lossmse,128x32x128,3,288,gelu,adam,mse,0.005,0.001,0.1,32,0.0,,,,20.46783581802501,0.5960387155162784,17.489614013881376,2.978221804143633,96.2,20.010996835603628,21.49462368553914,19.288777351379395
C0172,256x128x64_gelu_adamw_lr0.01_wd0.01_do0_bs32_ns0_lossmse,256x128x64,3,448,gelu,adamw,mse,0.01,0.01,0.0,32,0.0,,,,20.482333870297428,0.8304183774247169,14.859870464110731,5.6224634061866965,37.8,19.30606396748143,21.502845691640974,9.422818899154663
C0166,256x128x64_gelu_adamw_lr0.01_wd0.001_do0_bs32_ns0_lossmse,256x128x64,3,448,gelu,adamw,mse,0.01,0.001,0.0,32,0.0,,,,20.492227452795884,0.6611085123138876,13.397284418045775,7.094943034750109,44.0,19.478381775163896,21.097704625713405,10.428701639175415
C0233,128x32x128_gelu_adamw_lr0.01_wd0.01_do0.1_bs32_ns0_lossmse,128x32x128,3,288,gelu,adamw,mse,0.01,0.01,0.1,32,0.0,,,,20.495046335365636,0.7439164469988426,16.023588770818066,4.4714575645475705,63.0,19.339773150795956,21.2007877630907,14.211464166641235
C0091,128x128x64_gelu_adamw_lr0.005_wd0.001_do0_bs32_ns0_lossmse,128x128x64,3,320,gelu,adamw,mse,0.005,0.001,0.0,32,0.0,,,,20.50154398638076,1.050565469711526,14.859015279159081,5.642528707221679,33.8,19.111871099573616,21.57447931504987,8.26058030128479
C0109,128x128x64_gelu_adamw_lr0.01_wd0.005_do0_bs32_ns0_lossmse,128x128x64,3,320,gelu,adamw,mse,0.01,0.005,0.0,32,0.0,,,,20.529401079456203,1.186762884238924,15.54278915408591,4.986611925370294,34.2,18.792742926751224,21.672086112634677,8.269227504730225
C0223,128x32x128_gelu_adamw_lr0.005_wd0.1_do0_bs32_ns0_lossmse,128x32x128,3,288,gelu,adamw,mse,0.005,0.1,0.0,32,0.0,,,,20.53965632244332,0.7413400339768375,16.172361287939122,4.367295034504199,50.8,19.307634029970924,21.199768909105092,8.603355407714844
C0063,128x128x64_gelu_adam_lr0.005_wd0.001_do0.2_bs32_ns0_lossmse,128x128x64,3,320,gelu,adam,mse,0.005,0.001,0.2,32,0.0,,,,20.57746526629637,0.796788438599755,18.39730020940389,2.1801650568924806,85.8,19.511733564303107,21.413078622704546,17.817854166030884
C0043,128x64_gelu_adamw_lr0.005_wd0.1_do0_bs32_ns0_lossmse,128x64,2,192,gelu,adamw,mse,0.005,0.1,0.0,32,0.0,,,,20.585346064421277,0.6906017193793836,16.174225226300234,4.411120838121043,87.0,19.360564292449652,21.009100458089996,12.046218156814575
C0169,256x128x64_gelu_adamw_lr0.01_wd0.005_do0_bs32_ns0_lossmse,256x128x64,3,448,gelu,adamw,mse,0.01,0.005,0.0,32,0.0,,,,20.596873425869774,0.6054812174503855,14.45093709916998,6.145936326699793,40.8,19.721472671362854,21.38869567408019,9.909104347229004
C0221,128x32x128_gelu_adamw_lr0.005_wd0.05_do0.1_bs32_ns0_lossmse,128x32x128,3,288,gelu,adamw,mse,0.005,0.05,0.1,32,0.0,,,,20.59804048303417,0.6239710264907625,16.102700134467316,4.495340348566852,82.6,19.931833300442175,21.322392831435824,13.289738893508911
C0017,128x64_gelu_adam_lr0.01_wd0.001_do0.1_bs32_ns0_lossmse,128x64,2,192,gelu,adam,mse,0.01,0.001,0.1,32,0.0,,,,20.600842563206513,0.5297206943778905,18.073713290087415,2.5271292731190975,84.2,20.079119487404725,21.401174290412175,10.031915664672852
C0239,128x32x128_gelu_adamw_lr0.01_wd0.1_do0.1_bs32_ns0_lossmse,128x32x128,3,288,gelu,adamw,mse,0.01,0.1,0.1,32,0.0,,,,20.62397822929554,0.5797869963461831,17.835451648154535,2.788526581141003,69.6,20.014291486525657,21.485605519081794,15.527529954910278
C0106,128x128x64_gelu_adamw_lr0.01_wd0.001_do0_bs32_ns0_lossmse,128x128x64,3,320,gelu,adamw,mse,0.01,0.001,0.0,32,0.0,,,,20.654550485640446,1.0601260791319334,15.894350426130865,4.760200059509581,30.2,19.231198664711435,21.670286404566152,7.703983545303345
C0040,128x64_gelu_adamw_lr0.005_wd0.05_do0_bs32_ns0_lossmse,128x64,2,192,gelu,adamw,mse,0.005,0.05,0.0,32,0.0,,,,20.66035138298199,0.6781432302935319,15.959174892675577,4.701176490306413,68.4,19.542974602674338,21.294576665676924,9.926650524139404
C0220,128x32x128_gelu_adamw_lr0.005_wd0.05_do0_bs32_ns0_lossmse,128x32x128,3,288,gelu,adamw,mse,0.005,0.05,0.0,32,0.0,,,,20.681026945192002,0.7892111438912225,14.991138798605883,5.689888146586119,52.4,19.49286903205417,21.398017114426285,8.497454404830933
C0058,128x64_gelu_adamw_lr0.01_wd0.1_do0_bs32_ns0_lossmse,128x64,2,192,gelu,adamw,mse,0.01,0.1,0.0,32,0.0,,,,20.715268137580274,0.9649177330679586,17.45380042502253,3.261467712557746,49.0,19.531750686438034,21.890427356107285,7.794750452041626
C0059,128x64_gelu_adamw_lr0.01_wd0.1_do0.1_bs32_ns0_lossmse,128x64,2,192,gelu,adamw,mse,0.01,0.1,0.1,32,0.0,,,,20.71677621090857,0.7667006443764115,17.662698801751525,3.0540774091570455,73.6,19.851356030919312,21.79274187184517,11.369951963424683
C0230,128x32x128_gelu_adamw_lr0.01_wd0.005_do0.1_bs32_ns0_lossmse,128x32x128,3,288,gelu,adamw,mse,0.01,0.005,0.1,32,0.0,,,,20.736937266425077,0.5701556107713126,16.814105569164326,3.922831697260751,56.4,19.901193415520098,21.254184595251225,9.956783533096313
C0001,128x64_gelu_adam_lr0.005_wd0.001_do0_bs32_ns0_lossmse,128x64,2,192,gelu,adam,mse,0.005,0.001,0.0,32,0.0,,,,20.740504807891476,0.3262404919439398,16.459569002205054,4.280935805686422,84.0,20.21969077505317,21.024835259302534,9.483996868133545
C0174,256x128x64_gelu_adamw_lr0.01_wd0.01_do0.2_bs32_ns0_lossmse,256x128x64,3,448,gelu,adamw,mse,0.01,0.01,0.2,32,0.0,,,,20.748416361328008,0.40773644186164765,16.38549385376372,4.362922507564289,64.6,20.270237031873062,21.212058325644897,15.623577356338501
C0237,128x32x128_gelu_adamw_lr0.01_wd0.05_do0.2_bs32_ns0_lossmse,128x32x128,3,288,gelu,adamw,mse,0.01,0.05,0.2,32,0.0,,,,20.75141831324266,0.6761963045942616,17.80911596223285,2.942302351009811,88.6,19.83078220981231,21.670608208465968,18.871408939361572
C0060,128x64_gelu_adamw_lr0.01_wd0.1_do0.2_bs32_ns0_lossmse,128x64,2,192,gelu,adamw,mse,0.01,0.1,0.2,32,0.0,,,,20.78651282002935,0.37130951539588236,18.768633737723796,2.017879082305555,83.0,20.36672760802127,21.295791397520677,12.677729368209839
C0016,128x64_gelu_adam_lr0.01_wd0.001_do0_bs32_ns0_lossmse,128x64,2,192,gelu,adam,mse,0.01,0.001,0.0,32,0.0,,,,20.786597312324034,0.8904497501745995,17.51263151643481,3.273965795889225,58.2,19.53474773039054,21.795721255385143,6.723364591598511
C0227,128x32x128_gelu_adamw_lr0.01_wd0.001_do0.1_bs32_ns0_lossmse,128x32x128,3,288,gelu,adamw,mse,0.01,0.001,0.1,32,0.0,,,,20.798120105346246,0.5989395117578473,16.78546149320162,4.012658612144627,53.4,19.996670754544674,21.36862201733469,12.52985143661499
C0078,128x128x64_gelu_adam_lr0.01_wd0.001_do0.2_bs32_ns0_lossmse,128x128x64,3,320,gelu,adam,mse,0.01,0.001,0.2,32,0.0,,,,20.85086792117781,1.1092447894398032,18.692525458333684,2.158342462844125,69.0,19.325065831621906,22.157127047953132,14.90986156463623
C0218,128x32x128_gelu_adamw_lr0.005_wd0.01_do0.1_bs32_ns0_lossmse,128x32x128,3,288,gelu,adamw,mse,0.005,0.01,0.1,32,0.0,,,,20.852407860614342,0.614318286892395,16.328532266195555,4.5238755944187865,69.6,20.06901227021293,21.447811773792285,15.203164100646973
C0215,128x32x128_gelu_adamw_lr0.005_wd0.005_do0.1_bs32_ns0_lossmse,128x32x128,3,288,gelu,adamw,mse,0.005,0.005,0.1,32,0.0,,,,20.863002869948655,0.6152139411266897,16.377339755240925,4.48566311470773,67.6,20.079780291516073,21.490120336080416,14.82802128791809
C0168,256x128x64_gelu_adamw_lr0.01_wd0.001_do0.2_bs32_ns0_lossmse,256x128x64,3,448,gelu,adamw,mse,0.01,0.001,0.2,32,0.0,,,,20.86630280249568,0.47093263761152654,16.360890907746132,4.50541189474955,62.2,20.182058568928507,21.46545587023153,14.844046592712402
C0002,128x64_gelu_adam_lr0.005_wd0.001_do0.1_bs32_ns0_lossmse,128x64,2,192,gelu,adam,mse,0.005,0.001,0.1,32,0.0,,,,20.869977459197003,0.49311404092158295,17.991873488519822,2.8781039706771807,85.4,20.177043571082425,21.44841485285943,9.06621241569519
C0212,128x32x128_gelu_adamw_lr0.005_wd0.001_do0.1_bs32_ns0_lossmse,128x32x128,3,288,gelu,adamw,mse,0.005,0.001,0.1,32,0.0,,,,20.8701268099364,0.6253988241218448,16.320722762175613,4.549404047760788,67.6,20.088390976649954,21.526711264499788,14.653564453125
C0171,256x128x64_gelu_adamw_lr0.01_wd0.005_do0.2_bs32_ns0_lossmse,256x128x64,3,448,gelu,adamw,mse,0.01,0.005,0.2,32,0.0,,,,20.876837746302556,0.819075452345869,16.54744823594427,4.329389510358286,57.6,19.832150946429813,21.974579904422693,14.139612674713135
C0055,128x64_gelu_adamw_lr0.01_wd0.05_do0_bs32_ns0_lossmse,128x64,2,192,gelu,adamw,mse,0.01,0.05,0.0,32,0.0,,,,20.886348916519783,0.7125839464289149,16.53195468057644,4.354394235943342,48.2,19.725647244158914,21.51073463973652,7.719828128814697
C0056,128x64_gelu_adamw_lr0.01_wd0.05_do0.1_bs32_ns0_lossmse,128x64,2,192,gelu,adamw,mse,0.01,0.05,0.1,32,0.0,,,,20.905765830130083,0.8631136198002509,18.006937262683394,2.8988285674466887,49.2,19.628302448955615,21.74620741334578,8.529290199279785
C0044,128x64_gelu_adamw_lr0.005_wd0.1_do0.1_bs32_ns0_lossmse,128x64,2,192,gelu,adamw,mse,0.005,0.1,0.1,32,0.0,,,,20.922341376773254,0.18877711386611926,17.568176622449805,3.354164754323449,82.6,20.764790172528585,21.179577136328913,12.583005666732788
C0054,128x64_gelu_adamw_lr0.01_wd0.01_do0.2_bs32_ns0_lossmse,128x64,2,192,gelu,adamw,mse,0.01,0.01,0.2,32,0.0,,,,20.955972926113,0.5155545970300659,18.447019202567283,2.5089537235457158,54.8,20.27268099964336,21.70365457411493,9.29625678062439
C0051,128x64_gelu_adamw_lr0.01_wd0.005_do0.2_bs32_ns0_lossmse,128x64,2,192,gelu,adamw,mse,0.01,0.005,0.2,32,0.0,,,,20.9701801486647,0.5046805744720554,18.37734207707286,2.5928380715918387,54.8,20.278703359842346,21.699225084517394,9.402958869934082
C0048,128x64_gelu_adamw_lr0.01_wd0.001_do0.2_bs32_ns0_lossmse,128x64,2,192,gelu,adamw,mse,0.01,0.001,0.2,32,0.0,,,,20.975158782379157,0.4924146488752834,18.301985564972703,2.673173217406454,54.8,20.311789037375,21.697999833505122,9.21040415763855
C0217,128x32x128_gelu_adamw_lr0.005_wd0.01_do0_bs32_ns0_lossmse,128x32x128,3,288,gelu,adamw,mse,0.005,0.01,0.0,32,0.0,,,,20.98090632030594,0.8111107979345646,16.195760984028283,4.785145336277658,39.4,19.83389519717242,21.564564439587468,9.061080932617188
C0042,128x64_gelu_adamw_lr0.005_wd0.05_do0.2_bs32_ns0_lossmse,128x64,2,192,gelu,adamw,mse,0.005,0.05,0.2,32,0.0,,,,20.98099480611166,0.5152077091139591,17.94477297509572,3.03622183101594,95.2,20.181786304109615,21.37272380371797,14.132447242736816
C0240,128x32x128_gelu_adamw_lr0.01_wd0.1_do0.2_bs32_ns0_lossmse,128x32x128,3,288,gelu,adamw,mse,0.01,0.1,0.2,32,0.0,,,,20.989135679415448,1.0214140297118124,19.355069426437662,1.6340662529777852,76.0,20.08850001882579,22.5155446765298,16.634425163269043
C0214,128x32x128_gelu_adamw_lr0.005_wd0.005_do0_bs32_ns0_lossmse,128x32x128,3,288,gelu,adamw,mse,0.005,0.005,0.0,32,0.0,,,,21.007445000444314,0.7870708683753027,16.12100199429994,4.886443006144372,39.4,19.91390037846397,21.607202646359145,9.233229875564575
C0057,128x64_gelu_adamw_lr0.01_wd0.05_do0.2_bs32_ns0_lossmse,128x64,2,192,gelu,adamw,mse,0.01,0.05,0.2,32,0.0,,,,21.016771043675192,0.5099673892258213,18.81684294339279,2.1999281002824027,57.2,20.39603481926469,21.81519914103891,9.515828371047974
C0226,128x32x128_gelu_adamw_lr0.01_wd0.001_do0_bs32_ns0_lossmse,128x32x128,3,288,gelu,adamw,mse,0.01,0.001,0.0,32,0.0,,,,21.01850043508448,0.6070102002500612,15.981074949041801,5.037425486042679,37.6,20.15669297571802,21.544851128051995,8.863728046417236
C0229,128x32x128_gelu_adamw_lr0.01_wd0.005_do0_bs32_ns0_lossmse,128x32x128,3,288,gelu,adamw,mse,0.01,0.005,0.0,32,0.0,,,,21.032446044595083,0.5367754995548736,16.032688125229335,4.999757919365749,36.6,20.31522908746583,21.60673220961998,6.355484962463379
C0225,128x32x128_gelu_adamw_lr0.005_wd0.1_do0.2_bs32_ns0_lossmse,128x32x128,3,288,gelu,adamw,mse,0.005,0.1,0.2,32,0.0,,,,21.035014716336025,1.0533057704090547,18.697331072229552,2.3376836441064732,97.6,19.741025194829383,22.127326471793616,20.225549697875977
C0211,128x32x128_gelu_adamw_lr0.005_wd0.001_do0_bs32_ns0_lossmse,128x32x128,3,288,gelu,adamw,mse,0.005,0.001,0.0,32,0.0,,,,21.038421584503325,0.734984497785403,16.060310307119828,4.978111277383498,39.4,20.02332286680608,21.59698953580655,8.929088830947876
C0234,128x32x128_gelu_adamw_lr0.01_wd0.01_do0.2_bs32_ns0_lossmse,128x32x128,3,288,gelu,adamw,mse,0.01,0.01,0.2,32,0.0,,,,21.04573433517679,0.4208630807016362,17.68172962889058,3.3640047062862095,81.8,20.413245187898696,21.513276037757503,17.41739249229431
C0031,128x64_gelu_adamw_lr0.005_wd0.001_do0_bs32_ns0_lossmse,128x64,2,192,gelu,adamw,mse,0.005,0.001,0.0,32,0.0,,,,21.047177309178245,0.3906660538411691,16.513273903481817,4.533903405696428,52.8,20.751943941153264,21.664726440322912,8.492599248886108
C0033,128x64_gelu_adamw_lr0.005_wd0.001_do0.2_bs32_ns0_lossmse,128x64,2,192,gelu,adamw,mse,0.005,0.001,0.2,32,0.0,,,,21.064727117956448,0.46888467111673277,17.719050764089516,3.3456763538669314,85.6,20.37847270982626,21.590621109775174,13.17281174659729
C0018,128x64_gelu_adam_lr0.01_wd0.001_do0.2_bs32_ns0_lossmse,128x64,2,192,gelu,adam,mse,0.01,0.001,0.2,32,0.0,,,,21.065559828107546,0.8518463264444712,19.38588724462263,1.6796725834849155,79.2,19.923657053972068,22.289670809495068,9.651989936828613
C0037,128x64_gelu_adamw_lr0.005_wd0.01_do0_bs32_ns0_lossmse,128x64,2,192,gelu,adamw,mse,0.005,0.01,0.0,32,0.0,,,,21.076024458545735,0.48478203809266224,16.89526260939811,4.1807618491476255,49.8,20.745341832746423,21.855202501988593,7.870696544647217
C0039,128x64_gelu_adamw_lr0.005_wd0.01_do0.2_bs32_ns0_lossmse,128x64,2,192,gelu,adamw,mse,0.005,0.01,0.2,32,0.0,,,,21.0788619999393,0.49720276856848655,17.993199404071635,3.085662595867664,81.2,20.35640031074102,21.608216616990013,12.448476552963257
C0053,128x64_gelu_adamw_lr0.01_wd0.01_do0.1_bs32_ns0_lossmse,128x64,2,192,gelu,adamw,mse,0.01,0.01,0.1,32,0.0,,,,21.082355739111158,0.6285938951523371,18.077152789162938,3.0052029499482202,38.4,20.252301839991446,21.667218854554903,7.334298849105835
C0036,128x64_gelu_adamw_lr0.005_wd0.005_do0.2_bs32_ns0_lossmse,128x64,2,192,gelu,adamw,mse,0.005,0.005,0.2,32,0.0,,,,21.08581918758448,0.4905171269635566,17.928265761543592,3.157553426040888,81.2,20.367757789049687,21.598520781278076,12.523819208145142
C0041,128x64_gelu_adamw_lr0.005_wd0.05_do0.1_bs32_ns0_lossmse,128x64,2,192,gelu,adamw,mse,0.005,0.05,0.1,32,0.0,,,,21.088133974270086,0.13927022815137532,17.934425725294343,3.153708248975743,58.2,20.913063893037315,21.213213895388634,9.598595380783081
C0047,128x64_gelu_adamw_lr0.01_wd0.001_do0.1_bs32_ns0_lossmse,128x64,2,192,gelu,adamw,mse,0.01,0.001,0.1,32,0.0,,,,21.089027757735742,0.5789303557400228,18.311573416621894,2.777454341113849,34.4,20.430924375564395,21.646725218255238,6.682784080505371
C0050,128x64_gelu_adamw_lr0.01_wd0.005_do0.1_bs32_ns0_lossmse,128x64,2,192,gelu,adamw,mse,0.01,0.005,0.1,32,0.0,,,,21.09194476647923,0.5872029744908736,17.999153963050137,3.092790803429093,38.4,20.438890648528698,21.654917845401336,7.2277233600616455
C0034,128x64_gelu_adamw_lr0.005_wd0.005_do0_bs32_ns0_lossmse,128x64,2,192,gelu,adamw,mse,0.005,0.005,0.0,32,0.0,,,,21.095289702649428,0.4933916561144752,16.998689832284494,4.096599870364933,48.6,20.7615104223496,21.883047124722303,7.80388331413269
C0232,128x32x128_gelu_adamw_lr0.01_wd0.01_do0_bs32_ns0_lossmse,128x32x128,3,288,gelu,adamw,mse,0.01,0.01,0.0,32,0.0,,,,21.113100015784205,0.8934194546868677,17.37775155449216,3.7353484612920447,31.0,20.293745484371932,22.435245217173133,8.305408954620361
C0038,128x64_gelu_adamw_lr0.005_wd0.01_do0.1_bs32_ns0_lossmse,128x64,2,192,gelu,adamw,mse,0.005,0.01,0.1,32,0.0,,,,21.118765627133268,0.23519591358997446,17.7380840069614,3.380681620171867,56.0,20.869887174521025,21.403285973733567,9.330419778823853
C0032,128x64_gelu_adamw_lr0.005_wd0.001_do0.1_bs32_ns0_lossmse,128x64,2,192,gelu,adamw,mse,0.005,0.001,0.1,32,0.0,,,,21.131865526972405,0.2777371799209884,17.92530221845721,3.206563308515193,51.0,20.847510750831137,21.504959571172158,8.937604188919067
C0035,128x64_gelu_adamw_lr0.005_wd0.005_do0.1_bs32_ns0_lossmse,128x64,2,192,gelu,adamw,mse,0.005,0.005,0.1,32,0.0,,,,21.134832297075658,0.274255560330353,17.96221764788798,3.172614649187679,51.0,20.861589184736374,21.508184033640706,8.75486969947815
C0052,128x64_gelu_adamw_lr0.01_wd0.01_do0_bs32_ns0_lossmse,128x64,2,192,gelu,adamw,mse,0.01,0.01,0.0,32,0.0,,,,21.13610177330232,0.6233432166435848,16.77753826589879,4.358563507403531,38.2,20.112916543166996,21.624498705248094,6.7657928466796875
C0222,128x32x128_gelu_adamw_lr0.005_wd0.05_do0.2_bs32_ns0_lossmse,128x32x128,3,288,gelu,adamw,mse,0.005,0.05,0.2,32,0.0,,,,21.139938187159288,1.0453472698692359,18.591856189796346,2.5480819973629423,88.0,19.725704424101657,22.270955689464095,14.259535312652588
C0003,128x64_gelu_adam_lr0.005_wd0.001_do0.2_bs32_ns0_lossmse,128x64,2,192,gelu,adam,mse,0.005,0.001,0.2,32,0.0,,,,21.1426697900015,0.5933042212050919,19.335835693130626,1.8068340968708725,75.0,20.127795635229283,21.679703376944097,8.301563501358032
C0198,128x32x128_gelu_adam_lr0.01_wd0.001_do0.2_bs32_ns0_lossmse,128x32x128,3,288,gelu,adam,mse,0.01,0.001,0.2,32,0.0,,,,21.175460676572726,1.0029543751217345,19.82221187222579,1.3532488043469364,80.6,19.74721044592456,22.20726182640147,16.940633058547974
C0183,128x32x128_gelu_adam_lr0.005_wd0.001_do0.2_bs32_ns0_lossmse,128x32x128,3,288,gelu,adam,mse,0.005,0.001,0.2,32,0.0,,,,21.181748789099125,0.9919389724802397,19.40847749858197,1.7732712905171546,101.2,19.629063861853815,22.39539983855237,20.71328854560852
C0045,128x64_gelu_adamw_lr0.005_wd0.1_do0.2_bs32_ns0_lossmse,128x64,2,192,gelu,adamw,mse,0.005,0.1,0.2,32,0.0,,,,21.19217906015825,0.47868314215298663,19.1088397856433,2.083339274514948,73.2,20.3916250930741,21.619290721241857,11.446466207504272
C0228,128x32x128_gelu_adamw_lr0.01_wd0.001_do0.2_bs32_ns0_lossmse,128x32x128,3,288,gelu,adamw,mse,0.01,0.001,0.2,32,0.0,,,,21.195352448060884,0.2306546278273226,18.222256190322604,2.9730962577382805,71.8,20.92635164290185,21.500226460357915,15.50626015663147
C0219,128x32x128_gelu_adamw_lr0.005_wd0.01_do0.2_bs32_ns0_lossmse,128x32x128,3,288,gelu,adamw,mse,0.005,0.01,0.2,32,0.0,,,,21.199837502201195,1.0478539606403139,18.491822771500566,2.7080147307006293,82.8,19.676092100032378,22.307358628488835,17.571787357330322
C0216,128x32x128_gelu_adamw_lr0.005_wd0.005_do0.2_bs32_ns0_lossmse,128x32x128,3,288,gelu,adamw,mse,0.005,0.005,0.2,32,0.0,,,,21.20755127526676,1.0688179791488694,18.458894341904667,2.748656933362092,82.8,19.6337508880692,22.3123202326897,17.292118072509766
C0049,128x64_gelu_adamw_lr0.01_wd0.005_do0_bs32_ns0_lossmse,128x64,2,192,gelu,adamw,mse,0.01,0.005,0.0,32,0.0,,,,21.214114326736826,0.7471523396437154,17.288080434197052,3.926033892539774,34.0,20.053536903792093,22.02565763118074,6.1335129737854
C0213,128x32x128_gelu_adamw_lr0.005_wd0.001_do0.2_bs32_ns0_lossmse,128x32x128,3,288,gelu,adamw,mse,0.005,0.001,0.2,32,0.0,,,,21.21998015395896,1.086540311926441,18.43314651782162,2.7868336361373416,82.8,19.606716954527762,22.31680019831518,17.446792125701904
C0046,128x64_gelu_adamw_lr0.01_wd0.001_do0_bs32_ns0_lossmse,128x64,2,192,gelu,adamw,mse,0.01,0.001,0.0,32,0.0,,,,21.239160726956968,0.6637686598914484,16.87474725635078,4.364413470606188,37.4,20.223609661404957,21.951190716967467,6.496588468551636
C0231,128x32x128_gelu_adamw_lr0.01_wd0.005_do0.2_bs32_ns0_lossmse,128x32x128,3,288,gelu,adamw,mse,0.01,0.005,0.2,32,0.0,,,,21.401992002395193,0.6461807178036356,18.82750886398066,2.574483138414532,56.6,20.453987999151384,22.167100766359425,14.011472940444946
C0124,256x128x64_gelu_adam_lr0.005_wd0.005_do0_bs32_ns0_lossmse,256x128x64,3,448,gelu,adam,mse,0.005,0.005,0.0,32,0.0,,,,21.60958807864992,0.6240253412550189,20.689997152722047,0.9195909259278743,62.4,20.54181918962231,22.00887665476509,13.278766870498657
C0184,128x32x128_gelu_adam_lr0.005_wd0.005_do0_bs32_ns0_lossmse,128x32x128,3,288,gelu,adam,mse,0.005,0.005,0.0,32,0.0,,,,21.639894004104143,0.620501638313036,21.031574732267337,0.6083192718368053,39.6,20.824483105103685,22.163091189427234,9.294682502746582
C0064,128x128x64_gelu_adam_lr0.005_wd0.005_do0_bs32_ns0_lossmse,128x128x64,3,320,gelu,adam,mse,0.005,0.005,0.0,32,0.0,,,,21.662898910666716,0.5826127483752955,20.95553899625092,0.7073599144157967,38.0,20.636030889467385,22.011281892657347,8.985606670379639
C0019,128x64_gelu_adam_lr0.01_wd0.005_do0_bs32_ns0_lossmse,128x64,2,192,gelu,adam,mse,0.01,0.005,0.0,32,0.0,,,,21.700684979795092,0.7836400199408136,21.168238539256468,0.5324464405386244,73.2,20.55715930923707,22.75362069511683,8.054057836532593
C0199,128x32x128_gelu_adam_lr0.01_wd0.005_do0_bs32_ns0_lossmse,128x32x128,3,288,gelu,adam,mse,0.01,0.005,0.0,32,0.0,,,,21.885442470311443,0.5687512890499556,21.502104050659632,0.38333841965181037,55.8,21.31453980883072,22.57870336529379,11.59256386756897
C0004,128x64_gelu_adam_lr0.005_wd0.005_do0_bs32_ns0_lossmse,128x64,2,192,gelu,adam,mse,0.005,0.005,0.0,32,0.0,,,,21.94370086468148,0.5860407773831723,20.93653832884674,1.0071625358347411,56.4,21.07366825543205,22.676308396592116,6.010828256607056
C0079,128x128x64_gelu_adam_lr0.01_wd0.005_do0_bs32_ns0_lossmse,128x128x64,3,320,gelu,adam,mse,0.01,0.005,0.0,32,0.0,,,,21.94991406123868,0.974342558638912,21.332608051496848,0.6173060097418315,51.0,20.370907078510726,23.024317205430968,10.685503244400024
C0065,128x128x64_gelu_adam_lr0.005_wd0.005_do0.1_bs32_ns0_lossmse,128x128x64,3,320,gelu,adam,mse,0.005,0.005,0.1,32,0.0,,,,22.11284793598643,0.3903879423803692,21.675742735012648,0.43710520097378236,51.0,21.56714075881738,22.517920391227012,12.108916282653809
C0139,256x128x64_gelu_adam_lr0.01_wd0.005_do0_bs32_ns0_lossmse,256x128x64,3,448,gelu,adam,mse,0.01,0.005,0.0,32,0.0,,,,22.177429944527912,0.22717616199621593,21.34478658738357,0.8326433571443417,47.0,21.88683064371102,22.418990511583303,10.873268604278564
C0125,256x128x64_gelu_adam_lr0.005_wd0.005_do0.1_bs32_ns0_lossmse,256x128x64,3,448,gelu,adam,mse,0.005,0.005,0.1,32,0.0,,,,22.263406264147953,0.920465410818497,21.815304384547694,0.4481018796002587,57.0,20.777935553886785,23.17305764334863,13.879782676696777
C0020,128x64_gelu_adam_lr0.01_wd0.005_do0.1_bs32_ns0_lossmse,128x64,2,192,gelu,adam,mse,0.01,0.005,0.1,32,0.0,,,,22.33045785028009,0.7734847900114125,21.894916921954806,0.4355409283252847,49.6,20.984214297571498,22.875303011493525,6.763341903686523
C0080,128x128x64_gelu_adam_lr0.01_wd0.005_do0.1_bs32_ns0_lossmse,128x128x64,3,320,gelu,adam,mse,0.01,0.005,0.1,32,0.0,,,,22.377235105729202,1.0212196772098583,22.00010749346463,0.37712761226457303,60.6,20.965797376245614,23.559459558002665,13.34299373626709
C0005,128x64_gelu_adam_lr0.005_wd0.005_do0.1_bs32_ns0_lossmse,128x64,2,192,gelu,adam,mse,0.005,0.005,0.1,32,0.0,,,,22.39446308648731,0.780704743116372,21.725594328978495,0.6688687575088146,46.0,21.169261345552464,23.344998365969268,5.837361097335815
C0185,128x32x128_gelu_adam_lr0.005_wd0.005_do0.1_bs32_ns0_lossmse,128x32x128,3,288,gelu,adam,mse,0.005,0.005,0.1,32,0.0,,,,22.431889238392127,0.45170805659006463,21.996074681440536,0.4358145569515912,39.6,21.91940105665544,23.16230153460736,10.015354633331299
C0006,128x64_gelu_adam_lr0.005_wd0.005_do0.2_bs32_ns0_lossmse,128x64,2,192,gelu,adam,mse,0.005,0.005,0.2,32,0.0,,,,22.659839274121634,0.5808627252666645,22.019274262143764,0.6405650119778699,75.4,21.823506793667907,23.46254546033745,8.67309832572937
C0066,128x128x64_gelu_adam_lr0.005_wd0.005_do0.2_bs32_ns0_lossmse,128x128x64,3,320,gelu,adam,mse,0.005,0.005,0.2,32,0.0,,,,22.67008217901335,0.6674109024818906,21.981581051635565,0.6885011273777835,78.0,22.27246545996848,23.834363283192648,16.66312551498413
C0126,256x128x64_gelu_adam_lr0.005_wd0.005_do0.2_bs32_ns0_lossmse,256x128x64,3,448,gelu,adam,mse,0.005,0.005,0.2,32,0.0,,,,22.752553269953584,0.7789718603139306,22.332546525262682,0.4200067446909017,58.0,21.410115902292553,23.36229385288318,14.095600128173828
C0067,128x128x64_gelu_adam_lr0.005_wd0.01_do0_bs32_ns0_lossmse,128x128x64,3,320,gelu,adam,mse,0.005,0.01,0.0,32,0.0,,,,22.756836139082946,0.4356442754965093,22.585908604271502,0.17092753481144385,23.2,22.080518478090177,23.159052337195767,6.576991081237793
C0187,128x32x128_gelu_adam_lr0.005_wd0.01_do0_bs32_ns0_lossmse,128x32x128,3,288,gelu,adam,mse,0.005,0.01,0.0,32,0.0,,,,22.783270381247085,0.7484516646664133,22.511765022907547,0.2715053583395388,24.8,21.840332488183492,23.51853106622745,6.766315937042236
C0007,128x64_gelu_adam_lr0.005_wd0.01_do0_bs32_ns0_lossmse,128x64,2,192,gelu,adam,mse,0.005,0.01,0.0,32,0.0,,,,22.847499241159966,0.5381136912659148,22.175041160643953,0.6724580805160123,43.2,22.25976611378103,23.484208354944904,5.094573497772217
C0200,128x32x128_gelu_adam_lr0.01_wd0.005_do0.1_bs32_ns0_lossmse,128x32x128,3,288,gelu,adam,mse,0.01,0.005,0.1,32,0.0,,,,22.852454693984537,0.889154947886842,22.458113516157646,0.3943411778268917,51.6,21.900362585899963,24.32089864950266,11.791398048400879
C0140,256x128x64_gelu_adam_lr0.01_wd0.005_do0.1_bs32_ns0_lossmse,256x128x64,3,448,gelu,adam,mse,0.01,0.005,0.1,32,0.0,,,,22.916863281321632,0.3463115222884695,22.559134963539826,0.357728317781806,21.0,22.403913317929884,23.287012823415598,7.423625707626343
C0127,256x128x64_gelu_adam_lr0.005_wd0.01_do0_bs32_ns0_lossmse,256x128x64,3,448,gelu,adam,mse,0.005,0.01,0.0,32,0.0,,,,22.99042601770786,0.4324506848811652,22.64441480000165,0.3460112177062129,34.4,22.667327508644284,23.588701308834157,8.864436388015747
C0021,128x64_gelu_adam_lr0.01_wd0.005_do0.2_bs32_ns0_lossmse,128x64,2,192,gelu,adam,mse,0.01,0.005,0.2,32,0.0,,,,23.003022570698214,0.5537816143828134,22.7213061312208,0.28171643947741387,24.2,22.13371792482412,23.48001712879485,4.37262487411499
C0022,128x64_gelu_adam_lr0.01_wd0.01_do0_bs32_ns0_lossmse,128x64,2,192,gelu,adam,mse,0.01,0.01,0.0,32,0.0,,,,23.111331083925396,0.5470566634544238,22.764653921890407,0.34667716203498955,20.8,22.29846101358689,23.60607480300313,3.6346616744995117
C0186,128x32x128_gelu_adam_lr0.005_wd0.005_do0.2_bs32_ns0_lossmse,128x32x128,3,288,gelu,adam,mse,0.005,0.005,0.2,32,0.0,,,,23.1885092496862,1.0316943645541357,22.65138346019483,0.5371257894913697,65.4,22.385403587824676,24.834306274252288,13.989402055740356
C0202,128x32x128_gelu_adam_lr0.01_wd0.01_do0_bs32_ns0_lossmse,128x32x128,3,288,gelu,adam,mse,0.01,0.01,0.0,32,0.0,,,,23.33928173974283,0.9932895769221672,22.986159181714683,0.3531225580281472,31.2,22.406172932836963,24.858381573459496,7.793545246124268
C0008,128x64_gelu_adam_lr0.005_wd0.01_do0.1_bs32_ns0_lossmse,128x64,2,192,gelu,adam,mse,0.005,0.01,0.1,32,0.0,,,,23.353591076638953,0.5109798602542714,22.83995518671537,0.5136358899235844,20.4,22.727072187590203,24.013123137387783,3.7886433601379395
C0068,128x128x64_gelu_adam_lr0.005_wd0.01_do0.1_bs32_ns0_lossmse,128x128x64,3,320,gelu,adam,mse,0.005,0.01,0.1,32,0.0,,,,23.372402953291736,0.40621915136869585,23.0503943192082,0.32200863408353797,17.6,22.79604379938767,23.81953134451858,6.3810319900512695
C0201,128x32x128_gelu_adam_lr0.01_wd0.005_do0.2_bs32_ns0_lossmse,128x32x128,3,288,gelu,adam,mse,0.01,0.005,0.2,32,0.0,,,,23.372751215699623,0.9265998273492799,23.04276049932472,0.3299907163749012,27.4,22.611943611594093,24.83170625523862,7.793802499771118
C0082,128x128x64_gelu_adam_lr0.01_wd0.01_do0_bs32_ns0_lossmse,128x128x64,3,320,gelu,adam,mse,0.01,0.01,0.0,32,0.0,,,,23.379732015685082,0.9124746868476494,22.721235710462974,0.6584963052221084,13.4,22.56385869249629,24.93598710818202,5.068204879760742
C0081,128x128x64_gelu_adam_lr0.01_wd0.005_do0.2_bs32_ns0_lossmse,128x128x64,3,320,gelu,adam,mse,0.01,0.005,0.2,32,0.0,,,,23.37974226877836,0.8929785595921528,22.826190023487978,0.5535522452903834,34.8,22.665557460433167,24.930887821136718,9.22672700881958
C0141,256x128x64_gelu_adam_lr0.01_wd0.005_do0.2_bs32_ns0_lossmse,256x128x64,3,448,gelu,adam,mse,0.01,0.005,0.2,32,0.0,,,,23.39053434636385,0.6199267150703095,23.150936806889504,0.23959753947434592,24.4,22.881797941782008,24.265099268833062,8.058847665786743
C0023,128x64_gelu_adam_lr0.01_wd0.01_do0.1_bs32_ns0_lossmse,128x64,2,192,gelu,adam,mse,0.01,0.01,0.1,32,0.0,,,,23.44306258979871,0.6012287023432279,23.212066960996047,0.23099562880266333,16.4,22.607014983751178,24.22079000125355,3.5957419872283936
C0188,128x32x128_gelu_adam_lr0.005_wd0.01_do0.1_bs32_ns0_lossmse,128x32x128,3,288,gelu,adam,mse,0.005,0.01,0.1,32,0.0,,,,23.537089374025896,0.7884691897253783,23.14409702526684,0.392992348759055,28.4,22.74785507637006,24.732045295338427,7.970814228057861
C0142,256x128x64_gelu_adam_lr0.01_wd0.01_do0_bs32_ns0_lossmse,256x128x64,3,448,gelu,adam,mse,0.01,0.01,0.0,32,0.0,,,,23.54693286501976,0.8646059461685074,23.184049303335467,0.36288356168429203,15.6,22.820122997415844,24.97793734095397,5.834300756454468
C0128,256x128x64_gelu_adam_lr0.005_wd0.01_do0.1_bs32_ns0_lossmse,256x128x64,3,448,gelu,adam,mse,0.005,0.01,0.1,32,0.0,,,,23.577806607724057,0.7776981190658351,23.132365362501872,0.44544124522218453,12.8,22.78753610601938,24.817718127712947,5.961658716201782
C0009,128x64_gelu_adam_lr0.005_wd0.01_do0.2_bs32_ns0_lossmse,128x64,2,192,gelu,adam,mse,0.005,0.01,0.2,32,0.0,,,,23.66105397937462,0.6199645526191826,23.167690133782532,0.49336384559208923,20.6,22.912503714959353,24.53260628430135,3.6856002807617188
C0024,128x64_gelu_adam_lr0.01_wd0.01_do0.2_bs32_ns0_lossmse,128x64,2,192,gelu,adam,mse,0.01,0.01,0.2,32,0.0,,,,23.696951717993517,0.6869724489824868,23.443560808882683,0.2533909091108342,20.4,22.910258336094575,24.655798743162244,3.993041515350342
C0069,128x128x64_gelu_adam_lr0.005_wd0.01_do0.2_bs32_ns0_lossmse,128x128x64,3,320,gelu,adam,mse,0.005,0.01,0.2,32,0.0,,,,23.74141999836875,0.8287142351964933,23.54592298733969,0.1954970110290617,21.4,23.01820748667321,25.158884896674643,6.95182991027832
C0203,128x32x128_gelu_adam_lr0.01_wd0.01_do0.1_bs32_ns0_lossmse,128x32x128,3,288,gelu,adam,mse,0.01,0.01,0.1,32,0.0,,,,23.7498285221631,0.7434529729649778,23.53639864996559,0.21342987219750853,16.2,23.022396446153405,24.799127232748823,5.961121559143066
C0143,256x128x64_gelu_adam_lr0.01_wd0.01_do0.1_bs32_ns0_lossmse,256x128x64,3,448,gelu,adam,mse,0.01,0.01,0.1,32,0.0,,,,23.775830498845078,0.8207629152127753,23.4604367430965,0.31539375574857687,14.6,23.190224977942094,25.17886255446361,6.243677616119385
C0083,128x128x64_gelu_adam_lr0.01_wd0.01_do0.1_bs32_ns0_lossmse,128x128x64,3,320,gelu,adam,mse,0.01,0.01,0.1,32,0.0,,,,23.801152957009954,0.6578210378555728,23.465947242012334,0.3352057149976204,10.8,23.27016013200632,24.90831410748581,5.251888990402222
C0129,256x128x64_gelu_adam_lr0.005_wd0.01_do0.2_bs32_ns0_lossmse,256x128x64,3,448,gelu,adam,mse,0.005,0.01,0.2,32,0.0,,,,23.817366646606484,0.7848531773722026,23.5915159637411,0.225850682865385,16.6,22.981140964586544,25.031332673018476,6.668637990951538
C0189,128x32x128_gelu_adam_lr0.005_wd0.01_do0.2_bs32_ns0_lossmse,128x32x128,3,288,gelu,adam,mse,0.005,0.01,0.2,32,0.0,,,,23.86740621250764,0.7929645397588099,23.583976596919648,0.2834296155879912,27.4,23.035464489130582,25.093651166020614,7.816166639328003
C0204,128x32x128_gelu_adam_lr0.01_wd0.01_do0.2_bs32_ns0_lossmse,128x32x128,3,288,gelu,adam,mse,0.01,0.01,0.2,32,0.0,,,,23.92642584584015,0.7457104676740359,23.839927590586562,0.08649825525358779,17.0,23.1646292927984,25.015641823669036,6.1548497676849365
C0084,128x128x64_gelu_adam_lr0.01_wd0.01_do0.2_bs32_ns0_lossmse,128x128x64,3,320,gelu,adam,mse,0.01,0.01,0.2,32,0.0,,,,23.968942306707923,0.8335787337565684,23.816233612157653,0.15270869455027025,15.8,23.38724724318868,25.431272679425103,6.009465932846069
C0144,256x128x64_gelu_adam_lr0.01_wd0.01_do0.2_bs32_ns0_lossmse,256x128x64,3,448,gelu,adam,mse,0.01,0.01,0.2,32,0.0,,,,24.020609863292115,0.787207918238095,23.902652830740497,0.11795703255161882,11.8,23.39972839866843,25.30800451350593,5.786559343338013
C0010,128x64_gelu_adam_lr0.005_wd0.05_do0_bs32_ns0_lossmse,128x64,2,192,gelu,adam,mse,0.005,0.05,0.0,32,0.0,,,,24.078463408605227,0.7064391434480877,23.796397012478828,0.2820663961263996,6.0,23.48709197168231,25.196602924196863,2.264725923538208
C0011,128x64_gelu_adam_lr0.005_wd0.05_do0.1_bs32_ns0_lossmse,128x64,2,192,gelu,adam,mse,0.005,0.05,0.1,32,0.0,,,,24.33878325151166,0.7191756127311689,23.912635773924986,0.4261474775866745,6.2,23.648826308979107,25.387142302484285,2.4693806171417236
C0190,128x32x128_gelu_adam_lr0.005_wd0.05_do0_bs32_ns0_lossmse,128x32x128,3,288,gelu,adam,mse,0.005,0.05,0.0,32,0.0,,,,24.35984616587772,0.8298827749897125,24.12722852823464,0.23261763764308085,5.8,23.568128487452064,25.565350659105732,3.924086809158325
C0013,128x64_gelu_adam_lr0.005_wd0.1_do0_bs32_ns0_lossmse,128x64,2,192,gelu,adam,mse,0.005,0.1,0.0,32,0.0,,,,24.45672245417112,0.7765128053735939,24.226389838699465,0.2303326154716565,5.0,23.758591903618516,25.67392369301308,2.1428322792053223
C0025,128x64_gelu_adam_lr0.01_wd0.05_do0_bs32_ns0_lossmse,128x64,2,192,gelu,adam,mse,0.01,0.05,0.0,32,0.0,,,,24.464786363522272,0.8607828428461386,24.219996772104786,0.24478959141748646,5.4,23.69295373547427,25.799331132474066,2.3336727619171143
C0130,256x128x64_gelu_adam_lr0.005_wd0.05_do0_bs32_ns0_lossmse,256x128x64,3,448,gelu,adam,mse,0.005,0.05,0.0,32,0.0,,,,24.468798165249122,0.7876979029296564,24.256053067158145,0.21274509809097708,6.6,23.555256161431714,25.495010213874487,4.311391830444336
C0012,128x64_gelu_adam_lr0.005_wd0.05_do0.2_bs32_ns0_lossmse,128x64,2,192,gelu,adam,mse,0.005,0.05,0.2,32,0.0,,,,24.506999339385132,0.7658980279983593,24.16780161450447,0.3391977248806626,7.4,23.676969009630177,25.642365240712742,2.669889211654663
C0070,128x128x64_gelu_adam_lr0.005_wd0.05_do0_bs32_ns0_lossmse,128x128x64,3,320,gelu,adam,mse,0.005,0.05,0.0,32,0.0,,,,24.51526058528591,1.0174294122529333,24.06701095938508,0.4482496259008286,4.0,23.705418282564903,26.194441105587533,3.703582525253296
C0131,256x128x64_gelu_adam_lr0.005_wd0.05_do0.1_bs32_ns0_lossmse,256x128x64,3,448,gelu,adam,mse,0.005,0.05,0.1,32,0.0,,,,24.62344278906265,0.8982083587275,24.466118210210762,0.15732457885188822,6.2,23.58917139838632,25.937112274828756,4.778544664382935
C0026,128x64_gelu_adam_lr0.01_wd0.05_do0.1_bs32_ns0_lossmse,128x64,2,192,gelu,adam,mse,0.01,0.05,0.1,32,0.0,,,,24.628046194110986,0.7631317096029143,24.311439251395633,0.31660694271535306,4.2,23.81840823682067,25.62717141909577,2.4854848384857178
C0014,128x64_gelu_adam_lr0.005_wd0.1_do0.1_bs32_ns0_lossmse,128x64,2,192,gelu,adam,mse,0.005,0.1,0.1,32,0.0,,,,24.657259398419917,0.7309303671770826,24.30420344510852,0.3530559533113973,4.0,23.859871233051457,25.614838665495427,2.3110737800598145
C0191,128x32x128_gelu_adam_lr0.005_wd0.05_do0.1_bs32_ns0_lossmse,128x32x128,3,288,gelu,adam,mse,0.005,0.05,0.1,32,0.0,,,,24.695134632168237,0.9325065527011887,24.6713146634211,0.02381996874713721,5.8,23.662845131880253,25.992204127963838,4.268860101699829
C0071,128x128x64_gelu_adam_lr0.005_wd0.05_do0.1_bs32_ns0_lossmse,128x128x64,3,320,gelu,adam,mse,0.005,0.05,0.1,32,0.0,,,,24.755637715008085,1.0287281860705386,24.62025092510899,0.13538678989909414,5.0,23.62109445096275,26.329305416233183,4.289419174194336
C0015,128x64_gelu_adam_lr0.005_wd0.1_do0.2_bs32_ns0_lossmse,128x64,2,192,gelu,adam,mse,0.005,0.1,0.2,32,0.0,,,,24.81220293212143,0.7665411540394348,24.596310530956856,0.21589240116457376,5.4,23.915881293225823,25.838737266404813,2.4213223457336426
C0027,128x64_gelu_adam_lr0.01_wd0.05_do0.2_bs32_ns0_lossmse,128x64,2,192,gelu,adam,mse,0.01,0.05,0.2,32,0.0,,,,24.814539564075904,0.8141978874871657,24.654361215566926,0.16017834850897827,5.6,23.863886406866627,25.840101682231058,3.419830322265625
C0205,128x32x128_gelu_adam_lr0.01_wd0.05_do0_bs32_ns0_lossmse,128x32x128,3,288,gelu,adam,mse,0.01,0.05,0.0,32,0.0,,,,24.89174883766971,1.004174394187203,24.712014431261593,0.1797344064081159,4.0,23.948285061287926,26.35481266159628,3.6708884239196777
C0145,256x128x64_gelu_adam_lr0.01_wd0.05_do0_bs32_ns0_lossmse,256x128x64,3,448,gelu,adam,mse,0.01,0.05,0.0,32,0.0,,,,24.898984261062026,0.6939947046253039,24.791749779225572,0.10723448183645345,4.2,24.16589563597983,25.974050752327663,3.9369542598724365
C0193,128x32x128_gelu_adam_lr0.005_wd0.1_do0_bs32_ns0_lossmse,128x32x128,3,288,gelu,adam,mse,0.005,0.1,0.0,32,0.0,,,,24.925957516389435,0.8867781381326624,24.862987855154188,0.06296966123524683,3.4,24.04120006889395,26.080700620998066,3.563692331314087
C0028,128x64_gelu_adam_lr0.01_wd0.1_do0_bs32_ns0_lossmse,128x64,2,192,gelu,adam,mse,0.01,0.1,0.0,32,0.0,,,,24.932609000708233,0.7948086573477683,24.65750719277455,0.2751018079336838,2.8,24.065818463871757,25.998581657680383,2.7274460792541504
C0206,128x32x128_gelu_adam_lr0.01_wd0.05_do0.1_bs32_ns0_lossmse,128x32x128,3,288,gelu,adam,mse,0.01,0.05,0.1,32,0.0,,,,24.9441013410766,1.1453937184271923,24.884895756429238,0.05920558464736203,4.0,23.721517502382753,26.379453791553555,3.968538761138916
C0133,256x128x64_gelu_adam_lr0.005_wd0.1_do0_bs32_ns0_lossmse,256x128x64,3,448,gelu,adam,mse,0.005,0.1,0.0,32,0.0,,,,24.97858544338129,0.803702300566057,24.75958598147068,0.21899946191061304,3.4,23.95263918154071,25.980358711110075,3.7962241172790527
C0073,128x128x64_gelu_adam_lr0.005_wd0.1_do0_bs32_ns0_lossmse,128x128x64,3,320,gelu,adam,mse,0.005,0.1,0.0,32,0.0,,,,24.992036281329757,1.1663303738094644,24.658992189027494,0.33304409230226284,2.6,23.850767624372587,26.745428595494833,3.4243597984313965
C0029,128x64_gelu_adam_lr0.01_wd0.1_do0.1_bs32_ns0_lossmse,128x64,2,192,gelu,adam,mse,0.01,0.1,0.1,32,0.0,,,,25.00484361475643,0.8207393823168306,24.809230222752916,0.19561339200351568,3.8,24.158957756470084,26.036674614230645,3.050102710723877
C0072,128x128x64_gelu_adam_lr0.005_wd0.05_do0.2_bs32_ns0_lossmse,128x128x64,3,320,gelu,adam,mse,0.005,0.05,0.2,32,0.0,,,,25.010422801227676,0.9135056997903177,24.786768996251446,0.22365380497623022,5.2,24.055535742404203,26.414831544762556,4.227653980255127
C0132,256x128x64_gelu_adam_lr0.005_wd0.05_do0.2_bs32_ns0_lossmse,256x128x64,3,448,gelu,adam,mse,0.005,0.05,0.2,32,0.0,,,,25.024168542696845,0.9073745536923526,24.77404794675391,0.2501205959429349,7.4,24.100376751921722,26.1208173489013,4.997275114059448
C0085,128x128x64_gelu_adam_lr0.01_wd0.05_do0_bs32_ns0_lossmse,128x128x64,3,320,gelu,adam,mse,0.01,0.05,0.0,32,0.0,,,,25.02580977739482,1.0459078365993253,24.72550638905223,0.30030338834258785,4.0,23.95652188855984,26.680061418640367,3.6973941326141357
C0146,256x128x64_gelu_adam_lr0.01_wd0.05_do0.1_bs32_ns0_lossmse,256x128x64,3,448,gelu,adam,mse,0.01,0.05,0.1,32,0.0,,,,25.094776468423078,0.9476280391371957,25.00500291901782,0.08977354940525828,5.6,24.241630677268898,26.485579649148082,4.644363164901733
C0086,128x128x64_gelu_adam_lr0.01_wd0.05_do0.1_bs32_ns0_lossmse,128x128x64,3,320,gelu,adam,mse,0.01,0.05,0.1,32,0.0,,,,25.09969180541856,0.891038825119189,24.959135730529706,0.14055607488885258,2.8,24.282589722023527,26.46262791536852,3.8825509548187256
C0192,128x32x128_gelu_adam_lr0.005_wd0.05_do0.2_bs32_ns0_lossmse,128x32x128,3,288,gelu,adam,mse,0.005,0.05,0.2,32,0.0,,,,25.111313855011005,1.0596179673405959,24.864887255257972,0.2464265997530326,6.8,24.14733276970454,26.725126119040368,4.475122928619385
C0074,128x128x64_gelu_adam_lr0.005_wd0.1_do0.1_bs32_ns0_lossmse,128x128x64,3,320,gelu,adam,mse,0.005,0.1,0.1,32,0.0,,,,25.175167124304267,0.983502475615701,25.04914464346093,0.12602248084333567,2.0,24.05344214648719,26.686374074881098,3.728973150253296
C0134,256x128x64_gelu_adam_lr0.005_wd0.1_do0.1_bs32_ns0_lossmse,256x128x64,3,448,gelu,adam,mse,0.005,0.1,0.1,32,0.0,,,,25.19147547127833,0.948983293687069,25.046568040599528,0.14490743067880274,4.2,24.089986785314885,26.531766955412195,4.390774965286255
C0030,128x64_gelu_adam_lr0.01_wd0.1_do0.2_bs32_ns0_lossmse,128x64,2,192,gelu,adam,mse,0.01,0.1,0.2,32,0.0,,,,25.2031595218729,0.7963408238621174,25.032521038538114,0.1706384833347876,4.2,24.299873964333933,26.187829599879706,3.0859456062316895
C0194,128x32x128_gelu_adam_lr0.005_wd0.1_do0.1_bs32_ns0_lossmse,128x32x128,3,288,gelu,adam,mse,0.005,0.1,0.1,32,0.0,,,,25.207780928408507,1.0325451152677,25.08220660127903,0.12557432712947758,3.2,23.956594557271018,26.598114518778665,3.8388543128967285
C0148,256x128x64_gelu_adam_lr0.01_wd0.1_do0_bs32_ns0_lossmse,256x128x64,3,448,gelu,adam,mse,0.01,0.1,0.0,32,0.0,,,,25.248052089338003,0.9303329042022942,25.072968367912445,0.17508372142555828,2.6,24.46234239855342,26.818830017797076,3.6620256900787354
C0087,128x128x64_gelu_adam_lr0.01_wd0.05_do0.2_bs32_ns0_lossmse,128x128x64,3,320,gelu,adam,mse,0.01,0.05,0.2,32,0.0,,,,25.31494063191442,0.9627915624637994,25.19602513894132,0.11891549297310178,4.8,24.38824470363003,26.795832910324975,4.213725328445435
C0147,256x128x64_gelu_adam_lr0.01_wd0.05_do0.2_bs32_ns0_lossmse,256x128x64,3,448,gelu,adam,mse,0.01,0.05,0.2,32,0.0,,,,25.347588106912394,0.8687307487691663,25.196400571802123,0.15118753511027094,7.2,24.42323152051437,26.446531821251188,4.916670083999634
C0208,128x32x128_gelu_adam_lr0.01_wd0.1_do0_bs32_ns0_lossmse,128x32x128,3,288,gelu,adam,mse,0.01,0.1,0.0,32,0.0,,,,25.39945044873762,1.0696845461061477,25.295051699050777,0.10439874968684393,2.6,24.247523537806565,26.811855014343315,3.40853214263916
C0075,128x128x64_gelu_adam_lr0.005_wd0.1_do0.2_bs32_ns0_lossmse,128x128x64,3,320,gelu,adam,mse,0.005,0.1,0.2,32,0.0,,,,25.40982477336508,0.8378505943090275,25.17359973225025,0.23622504111483167,3.0,24.62576135031812,26.675299965588955,3.934291362762451
C0209,128x32x128_gelu_adam_lr0.01_wd0.1_do0.1_bs32_ns0_lossmse,128x32x128,3,288,gelu,adam,mse,0.01,0.1,0.1,32,0.0,,,,25.449591673616247,1.1310919963365813,25.35396166243708,0.0956300111791677,2.6,24.086017481977336,26.783581335012194,3.74755859375
C0207,128x32x128_gelu_adam_lr0.01_wd0.05_do0.2_bs32_ns0_lossmse,128x32x128,3,288,gelu,adam,mse,0.01,0.05,0.2,32,0.0,,,,25.45789915129462,1.0416254936358533,25.30755673122752,0.15034242006709775,7.4,24.463711553119744,26.986979314552787,4.559329032897949
C0135,256x128x64_gelu_adam_lr0.005_wd0.1_do0.2_bs32_ns0_lossmse,256x128x64,3,448,gelu,adam,mse,0.005,0.1,0.2,32,0.0,,,,25.488146142478353,0.9274760614237989,25.273643013676654,0.21450312880169875,5.0,24.48885785812247,26.659635449839914,4.482005596160889
C0149,256x128x64_gelu_adam_lr0.01_wd0.1_do0.1_bs32_ns0_lossmse,256x128x64,3,448,gelu,adam,mse,0.01,0.1,0.1,32,0.0,,,,25.490004242684744,1.0634831818790182,25.469109468635587,0.020894774049157405,3.0,24.40788420884951,27.15724496974092,4.144352197647095
C0089,128x128x64_gelu_adam_lr0.01_wd0.1_do0.1_bs32_ns0_lossmse,128x128x64,3,320,gelu,adam,mse,0.01,0.1,0.1,32,0.0,,,,25.493702814318958,0.798403410771804,25.416645017124864,0.07705779719409378,1.8,24.635810227489696,26.431297298379086,3.677269458770752
C0088,128x128x64_gelu_adam_lr0.01_wd0.1_do0_bs32_ns0_lossmse,128x128x64,3,320,gelu,adam,mse,0.01,0.1,0.0,32,0.0,,,,25.506802925450035,0.9573243960369227,25.490758454373832,0.016044471076202882,2.0,24.471118584292054,26.816649697983202,3.346810817718506
C0195,128x32x128_gelu_adam_lr0.005_wd0.1_do0.2_bs32_ns0_lossmse,128x32x128,3,288,gelu,adam,mse,0.005,0.1,0.2,32,0.0,,,,25.604333925822363,0.9418648979748749,25.37226295672059,0.23207096910177327,5.0,24.723024800741346,26.966888571390406,4.149506568908691
C0150,256x128x64_gelu_adam_lr0.01_wd0.1_do0.2_bs32_ns0_lossmse,256x128x64,3,448,gelu,adam,mse,0.01,0.1,0.2,32,0.0,,,,25.71034419987551,0.8955669029597767,25.651306054161942,0.05903814571356847,4.2,24.782124862863174,26.8781772854824,4.411557912826538
C0090,128x128x64_gelu_adam_lr0.01_wd0.1_do0.2_bs32_ns0_lossmse,128x128x64,3,320,gelu,adam,mse,0.01,0.1,0.2,32,0.0,,,,25.834651970536832,0.8773224925267273,25.701703575875513,0.13294839466131947,4.0,25.011855618699535,27.18284640407045,4.004892587661743
C0210,128x32x128_gelu_adam_lr0.01_wd0.1_do0.2_bs32_ns0_lossmse,128x32x128,3,288,gelu,adam,mse,0.01,0.1,0.2,32,0.0,,,,25.893583488423115,0.9728168357170995,25.717934749588647,0.17564873883446808,4.2,24.9393303240657,27.279370582368767,3.978527784347534
